AUD;62.23549912870302;1
AZN;50.7330931966922;1
DZD;64.70703566069443;100
AMD;23.71262386585484;100
THB;26.227100462908325;10
BHD;228.99015342340277;1
BYN;28.06781183338947;1
BGN;51.232132793688194;1
BOB;6.949656686959664;1
BRL;16.80870018321483;1
KRW;64.1028311976941;1000
HKD;10.994447803859051;1
UAH;19.38307547381928;10
DKK;13.437970328961514;1
AED;23.444460074084496;1
USD;86.23663332183511;1
VND;33.087340974918696;10000
EUR;100.2707309736288;1
EGP;16.904313135496523;10
PLN;23.20454809142592;1
JPY;55.879251642710294;100
INR;9.12094186494074;10
IRR;6.2873287016077075;100000
CAD;62.39860227130913;1
QAR;23.65352319227949;1
CUP;35.87482555866072;10
MMK;41.05094861968853;1000
GEL;33.037100664045724;1
MDL;50.08715164386032;10
NGN;64.2799479152438;1000
NZD;50.67396371744197;1
TMT;24.660912453760787;1
NOK;92.99989770011253;10
OMR;223.91401701746528;1
RON;19.10511635015857;1
IDR;48.67549950128301;10000
ZAR;53.90603100674903;10
SAR;22.960003673600585;1
XDR;118.72254541137362;1
RSD;85.39884677397316;100
SGD;68.10133478616181;1
KGS;9.858073318434498;10
TJS;93.55499630457764;10
BDT;70.10233538920116;100
KZT;18.969914663838882;100
MNT;23.677991439553686;1000
TRY;17.784670325566175;10
UZS;73.18626236770073;10000
HUF;27.68296362735409;100
GBR;116.71335200746967;1
CZK;41.413697994748745;10
SEK;89.81417447301533;10
CHF;106.53030787258976;1
ETB;53.23617376713007;100
CNY;12.78772378516624;1
RUB;1.0;1
